Name,Link
연합뉴스 바로가기,#news_cast
주제별캐스트 바로가기,#themecast
타임스퀘어 바로가기,#time_square
쇼핑캐스트 바로가기,#shp_cst
로그인 바로가기,#account
네이버를 시작페이지로,http://help.naver.com/support/alias/contents2/naverhome/naverhome_1.naver
쥬니어네이버,http://jr.naver.com
해피빈,http://happybean.naver.com/main/SectionMain.nhn
자동완성 펼치기,javascript:;
한글 입력기,javascript:;
도움말 보기,https://help.naver.com/support/contents/contents.nhn?serviceNo=606&categoryNo=16658
ON선택됨,#
OFF,#
로그인,https://nid.naver.com/nidlogin.login
자세히,https://help.naver.com/support/alias/search/word/word_16.naver
자세히,https://help.naver.com/support/contents/contents.nhn?serviceNo=606&categoryNo=16659
도움말,https://help.naver.com/support/service/main.nhn?serviceNo=606&categoryNo=1987
신고,https://help.naver.com/support/contents/contents.nhn?serviceNo=605&categoryNo=18215
검색어저장 켜기,javascript:;
자동완성 끄기,javascript:;
도움말,https://help.naver.com/support/service/main.nhn?serviceNo=606&categoryNo=1987
신고,https://help.naver.com/support/contents/contents.nhn?serviceNo=605&categoryNo=18215
검색어저장 켜기,javascript:;
자동완성 끄기,javascript:;
도움말,https://help.naver.com/support/service/main.nhn?serviceNo=606&categoryNo=1987
신고,https://help.naver.com/support/contents/contents.nhn?serviceNo=605&categoryNo=18215
검색어저장 켜기,javascript:;
자동완성 끄기,javascript:;
도움말,https://help.naver.com/support/service/main.nhn?serviceNo=606&categoryNo=1987
신고,https://help.naver.com/support/contents/contents.nhn?serviceNo=605&categoryNo=18215
검색어저장 켜기,javascript:;
자동완성 켜기,javascript:;
최근검색어,javascript:;
내 검색어,javascript:;
내 검색어 등록,javascript:;
@txt@,javascript:;
삭제,javascript:;
내 검색어 해제,javascript:;
@txt@,javascript:;
기록 삭제,javascript:;
검색어저장 끄기,javascript:;
자동완성 끄기,javascript:;
기록 전체 삭제,javascript:;
완료,javascript:;
기록 전체 삭제,javascript:;
검색어저장 끄기,javascript:;
자동완성 끄기,javascript:;
닫기,javascript:;
자세히보기,
메일,http://mail.naver.com/
카페,http://section.cafe.naver.com/
블로그,http://section.blog.naver.com/
지식인,http://kin.naver.com/
쇼핑,http://shopping2.naver.com/
네이버페이,http://pay.naver.com/
네이버TV,http://tv.naver.com/
사전,http://dic.naver.com/
뉴스,http://news.naver.com/
증권(금융),http://finance.naver.com/
부동산,http://land.naver.com/
지도,https://map.naver.com/
영화,http://movie.naver.com/
뮤직,http://music.naver.com
책,http://book.naver.com/
만화 / 웹툰,http://comic.naver.com/
더보기,#
"1
이소연",#
"2
조현아 동영상",#
"3
배우 이소연",#
"4
박한별 남편",#
"5
유리홀딩스",#
"6
설훈",#
"7
고등래퍼",#
"8
럭키",#
"9
뷰라벨 수분크림",#
"10
금요일 드라마",#
"11
선미",#
"12
세훈",#
"13
금토드라마",#
"14
안수기도",#
"15
2018겟잇뷰티 수분크림 순위",#
"16
크리니크 수분크림",#
"17
트래버스 베이넌",#
"18
커피프렌즈 촬영기간",#
"19
뮤지컬 그날들",#
"20
궁금한이야기y",#
DataLab.급상승 트래킹,http://datalab.naver.com/keyword/realtimeList.naver?where=main
1~10위,#
11~20위,#
"1
이소연",http://search.naver.com/search.naver?where=nexearch&query=%EC%9D%B4%EC%86%8C%EC%97%B0&sm=top_lve&ie=utf8
데이터랩 그래프 보기,http://datalab.naver.com/keyword/realtimeDetail.naver?datetime=2019-02-22T22:14:00&query=%EC%9D%B4%EC%86%8C%EC%97%B0&where=main
"2
조현아 동영상",http://search.naver.com/search.naver?where=nexearch&query=%EC%A1%B0%ED%98%84%EC%95%84+%EB%8F%99%EC%98%81%EC%83%81&sm=top_lve&ie=utf8
데이터랩 그래프 보기,http://datalab.naver.com/keyword/realtimeDetail.naver?datetime=2019-02-22T22:14:00&query=%EC%A1%B0%ED%98%84%EC%95%84+%EB%8F%99%EC%98%81%EC%83%81&where=main
"3
배우 이소연",http://search.naver.com/search.naver?where=nexearch&query=%EB%B0%B0%EC%9A%B0+%EC%9D%B4%EC%86%8C%EC%97%B0&sm=top_lve&ie=utf8
데이터랩 그래프 보기,http://datalab.naver.com/keyword/realtimeDetail.naver?datetime=2019-02-22T22:14:00&query=%EB%B0%B0%EC%9A%B0+%EC%9D%B4%EC%86%8C%EC%97%B0&where=main
"4
박한별 남편",http://search.naver.com/search.naver?where=nexearch&query=%EB%B0%95%ED%95%9C%EB%B3%84+%EB%82%A8%ED%8E%B8&sm=top_lve&ie=utf8
데이터랩 그래프 보기,http://datalab.naver.com/keyword/realtimeDetail.naver?datetime=2019-02-22T22:14:00&query=%EB%B0%95%ED%95%9C%EB%B3%84+%EB%82%A8%ED%8E%B8&where=main
"5
유리홀딩스",http://search.naver.com/search.naver?where=nexearch&query=%EC%9C%A0%EB%A6%AC%ED%99%80%EB%94%A9%EC%8A%A4&sm=top_lve&ie=utf8
데이터랩 그래프 보기,http://datalab.naver.com/keyword/realtimeDetail.naver?datetime=2019-02-22T22:14:00&query=%EC%9C%A0%EB%A6%AC%ED%99%80%EB%94%A9%EC%8A%A4&where=main
"6
설훈",http://search.naver.com/search.naver?where=nexearch&query=%EC%84%A4%ED%9B%88&sm=top_lve&ie=utf8
데이터랩 그래프 보기,http://datalab.naver.com/keyword/realtimeDetail.naver?datetime=2019-02-22T22:14:00&query=%EC%84%A4%ED%9B%88&where=main
"7
고등래퍼",http://search.naver.com/search.naver?where=nexearch&query=%EA%B3%A0%EB%93%B1%EB%9E%98%ED%8D%BC&sm=top_lve&ie=utf8
데이터랩 그래프 보기,http://datalab.naver.com/keyword/realtimeDetail.naver?datetime=2019-02-22T22:14:00&query=%EA%B3%A0%EB%93%B1%EB%9E%98%ED%8D%BC&where=main
"8
럭키",http://search.naver.com/search.naver?where=nexearch&query=%EB%9F%AD%ED%82%A4&sm=top_lve&ie=utf8
데이터랩 그래프 보기,http://datalab.naver.com/keyword/realtimeDetail.naver?datetime=2019-02-22T22:14:00&query=%EB%9F%AD%ED%82%A4&where=main
"9
뷰라벨 수분크림",http://search.naver.com/search.naver?where=nexearch&query=%EB%B7%B0%EB%9D%BC%EB%B2%A8+%EC%88%98%EB%B6%84%ED%81%AC%EB%A6%BC&sm=top_lve&ie=utf8
데이터랩 그래프 보기,http://datalab.naver.com/keyword/realtimeDetail.naver?datetime=2019-02-22T22:14:00&query=%EB%B7%B0%EB%9D%BC%EB%B2%A8+%EC%88%98%EB%B6%84%ED%81%AC%EB%A6%BC&where=main
"10
금요일 드라마",http://search.naver.com/search.naver?where=nexearch&query=%EA%B8%88%EC%9A%94%EC%9D%BC+%EB%93%9C%EB%9D%BC%EB%A7%88&sm=top_lve&ie=utf8
데이터랩 그래프 보기,http://datalab.naver.com/keyword/realtimeDetail.naver?datetime=2019-02-22T22:14:00&query=%EA%B8%88%EC%9A%94%EC%9D%BC+%EB%93%9C%EB%9D%BC%EB%A7%88&where=main
"11
선미",http://search.naver.com/search.naver?where=nexearch&query=%EC%84%A0%EB%AF%B8&sm=top_lve&ie=utf8
데이터랩 그래프 보기,http://datalab.naver.com/keyword/realtimeDetail.naver?datetime=2019-02-22T22:14:00&query=%EC%84%A0%EB%AF%B8&where=main
"12
세훈",http://search.naver.com/search.naver?where=nexearch&query=%EC%84%B8%ED%9B%88&sm=top_lve&ie=utf8
데이터랩 그래프 보기,http://datalab.naver.com/keyword/realtimeDetail.naver?datetime=2019-02-22T22:14:00&query=%EC%84%B8%ED%9B%88&where=main
"13
금토드라마",http://search.naver.com/search.naver?where=nexearch&query=%EA%B8%88%ED%86%A0%EB%93%9C%EB%9D%BC%EB%A7%88&sm=top_lve&ie=utf8
데이터랩 그래프 보기,http://datalab.naver.com/keyword/realtimeDetail.naver?datetime=2019-02-22T22:14:00&query=%EA%B8%88%ED%86%A0%EB%93%9C%EB%9D%BC%EB%A7%88&where=main
"14
안수기도",http://search.naver.com/search.naver?where=nexearch&query=%EC%95%88%EC%88%98%EA%B8%B0%EB%8F%84&sm=top_lve&ie=utf8
데이터랩 그래프 보기,http://datalab.naver.com/keyword/realtimeDetail.naver?datetime=2019-02-22T22:14:00&query=%EC%95%88%EC%88%98%EA%B8%B0%EB%8F%84&where=main
"15
2018겟잇뷰티 수분크림 순위",http://search.naver.com/search.naver?where=nexearch&query=2018%EA%B2%9F%EC%9E%87%EB%B7%B0%ED%8B%B0+%EC%88%98%EB%B6%84%ED%81%AC%EB%A6%BC+%EC%88%9C%EC%9C%84&sm=top_lve&ie=utf8
데이터랩 그래프 보기,http://datalab.naver.com/keyword/realtimeDetail.naver?datetime=2019-02-22T22:14:00&query=2018%EA%B2%9F%EC%9E%87%EB%B7%B0%ED%8B%B0+%EC%88%98%EB%B6%84%ED%81%AC%EB%A6%BC+%EC%88%9C%EC%9C%84&where=main
"16
크리니크 수분크림",http://search.naver.com/search.naver?where=nexearch&query=%ED%81%AC%EB%A6%AC%EB%8B%88%ED%81%AC+%EC%88%98%EB%B6%84%ED%81%AC%EB%A6%BC&sm=top_lve&ie=utf8
데이터랩 그래프 보기,http://datalab.naver.com/keyword/realtimeDetail.naver?datetime=2019-02-22T22:14:00&query=%ED%81%AC%EB%A6%AC%EB%8B%88%ED%81%AC+%EC%88%98%EB%B6%84%ED%81%AC%EB%A6%BC&where=main
"17
트래버스 베이넌",http://search.naver.com/search.naver?where=nexearch&query=%ED%8A%B8%EB%9E%98%EB%B2%84%EC%8A%A4+%EB%B2%A0%EC%9D%B4%EB%84%8C&sm=top_lve&ie=utf8
데이터랩 그래프 보기,http://datalab.naver.com/keyword/realtimeDetail.naver?datetime=2019-02-22T22:14:00&query=%ED%8A%B8%EB%9E%98%EB%B2%84%EC%8A%A4+%EB%B2%A0%EC%9D%B4%EB%84%8C&where=main
"18
커피프렌즈 촬영기간",http://search.naver.com/search.naver?where=nexearch&query=%EC%BB%A4%ED%94%BC%ED%94%84%EB%A0%8C%EC%A6%88+%EC%B4%AC%EC%98%81%EA%B8%B0%EA%B0%84&sm=top_lve&ie=utf8
데이터랩 그래프 보기,http://datalab.naver.com/keyword/realtimeDetail.naver?datetime=2019-02-22T22:14:00&query=%EC%BB%A4%ED%94%BC%ED%94%84%EB%A0%8C%EC%A6%88+%EC%B4%AC%EC%98%81%EA%B8%B0%EA%B0%84&where=main
"19
뮤지컬 그날들",http://search.naver.com/search.naver?where=nexearch&query=%EB%AE%A4%EC%A7%80%EC%BB%AC+%EA%B7%B8%EB%82%A0%EB%93%A4&sm=top_lve&ie=utf8
데이터랩 그래프 보기,http://datalab.naver.com/keyword/realtimeDetail.naver?datetime=2019-02-22T22:14:00&query=%EB%AE%A4%EC%A7%80%EC%BB%AC+%EA%B7%B8%EB%82%A0%EB%93%A4&where=main
"20
궁금한이야기y",http://search.naver.com/search.naver?where=nexearch&query=%EA%B6%81%EA%B8%88%ED%95%9C%EC%9D%B4%EC%95%BC%EA%B8%B0y&sm=top_lve&ie=utf8
데이터랩 그래프 보기,http://datalab.naver.com/keyword/realtimeDetail.naver?datetime=2019-02-22T22:14:00&query=%EA%B6%81%EA%B8%88%ED%95%9C%EC%9D%B4%EC%95%BC%EA%B8%B0y&where=main
도움말,http://help.naver.com/support/alias/search/word/word_5.naver
연합뉴스,http://news.naver.com/main/list.nhn?mode=LPOD&mid=sec&sid1=001&sid2=140&oid=001&isYeonhapFlash=Y
비건-김혁철 하노이서 연이틀 마라톤협상…北美 '치열한 밀당',http://news.naver.com/main/list.nhn?mode=LPOD&mid=sec&sid1=001&sid2=140&oid=001&isYeonhapFlash=Y&aid=0010652724
낮 9∼16도 포근한 주말…서쪽은 미세먼지 '나쁨',http://news.naver.com/main/list.nhn?mode=LPOD&mid=sec&sid1=001&sid2=140&oid=001&isYeonhapFlash=Y&aid=0010652682
"[르포]베트남 동당역…""김정은 온다고 역닫고 보수한다 들어""",http://news.naver.com/main/list.nhn?mode=LPOD&mid=sec&sid1=001&sid2=140&oid=001&isYeonhapFlash=Y&aid=0010652589
해체·유지 가른 건 '경제성'…수질·생태 가치환산 논란 여지,http://news.naver.com/main/list.nhn?mode=LPOD&mid=sec&sid1=001&sid2=140&oid=001&isYeonhapFlash=Y&aid=0010652087
"법원 '통상임금 거부' 잇단 제동…""경영난 크지 않으면 줘야""",http://news.naver.com/main/list.nhn?mode=LPOD&mid=sec&sid1=001&sid2=140&oid=001&isYeonhapFlash=Y&aid=0010652588
"검찰, 이대목동병원 의료진 전원 무죄에 항소…""납득 못해""",http://news.naver.com/main/list.nhn?mode=LPOD&mid=sec&sid1=001&sid2=140&oid=001&isYeonhapFlash=Y&aid=0010652568
"외교부, 문희상에 '인간이…' 막말 日외무상에 ""심히 유감""",http://news.naver.com/main/list.nhn?mode=LPOD&mid=sec&sid1=001&sid2=140&oid=001&isYeonhapFlash=Y&aid=0010652601
'3명 사망' 한화 대전공장 근로자들 위험요소 135건 지적,http://news.naver.com/main/list.nhn?mode=LPOD&mid=sec&sid1=001&sid2=140&oid=001&isYeonhapFlash=Y&aid=0010652719
버닝썬 개장 1년만에 112신고 120건…마약·성추행·약취유인,http://news.naver.com/main/list.nhn?mode=LPOD&mid=sec&sid1=001&sid2=140&oid=001&isYeonhapFlash=Y&aid=0010652590
"설훈 '20대남성 지지하락 前정부 교육탓'…한국당 ""역대급 망언""",http://news.naver.com/main/list.nhn?mode=LPOD&mid=sec&sid1=001&sid2=140&oid=001&isYeonhapFlash=Y&aid=0010652691
네이버뉴스,http://news.naver.com/
연예,http://entertain.naver.com/home
스포츠,http://sports.news.naver.com/
경제,http://news.naver.com/main/main.nhn?mode=LSD&mid=shm&sid1=101
뉴스스탠드,http://newsstand.naver.com/
전체 언론사,#
MY 뉴스,#
이미지형,#
리스트형,#
설정,http://newsstand.naver.com/config.html
이전 페이지,#
다음 페이지,#
,http://newsstand.naver.com/?list=ct1&pcode=376
구독,#
해지,#
기사보기,http://newsstand.naver.com/?list=ct1&pcode=376
,http://newsstand.naver.com/?list=ct1&pcode=047
구독,#
해지,#
기사보기,http://newsstand.naver.com/?list=ct1&pcode=047
,http://newsstand.naver.com/?list=ct1&pcode=020
구독,#
해지,#
기사보기,http://newsstand.naver.com/?list=ct1&pcode=020
,http://newsstand.naver.com/?list=ct1&pcode=326
구독,#
해지,#
기사보기,http://newsstand.naver.com/?list=ct1&pcode=326
,http://newsstand.naver.com/?list=ct1&pcode=025
구독,#
해지,#
기사보기,http://newsstand.naver.com/?list=ct1&pcode=025
,http://newsstand.naver.com/?list=ct1&pcode=079
구독,#
해지,#
기사보기,http://newsstand.naver.com/?list=ct1&pcode=079
,http://newsstand.naver.com/?list=ct1&pcode=422
구독,#
해지,#
기사보기,http://newsstand.naver.com/?list=ct1&pcode=422
,http://newsstand.naver.com/?list=ct1&pcode=052
구독,#
해지,#
기사보기,http://newsstand.naver.com/?list=ct1&pcode=052
,http://newsstand.naver.com/?list=ct1&pcode=073
구독,#
해지,#
기사보기,http://newsstand.naver.com/?list=ct1&pcode=073
,http://newsstand.naver.com/?list=ct1&pcode=008
구독,#
해지,#
기사보기,http://newsstand.naver.com/?list=ct1&pcode=008
,http://newsstand.naver.com/?list=ct1&pcode=030
구독,#
해지,#
기사보기,http://newsstand.naver.com/?list=ct1&pcode=030
,http://newsstand.naver.com/?list=ct1&pcode=241
구독,#
해지,#
기사보기,http://newsstand.naver.com/?list=ct1&pcode=241
,http://newsstand.naver.com/?list=ct7&pcode=329
구독,#
해지,#
기사보기,http://newsstand.naver.com/?list=ct7&pcode=329
,http://newsstand.naver.com/?list=ct2&pcode=944
구독,#
해지,#
기사보기,http://newsstand.naver.com/?list=ct2&pcode=944
,http://newsstand.naver.com/?list=ct2&pcode=963
구독,#
해지,#
기사보기,http://newsstand.naver.com/?list=ct2&pcode=963
,http://newsstand.naver.com/?list=ct7&pcode=967
구독,#
해지,#
기사보기,http://newsstand.naver.com/?list=ct7&pcode=967
,http://newsstand.naver.com/?list=ct7&pcode=905
구독,#
해지,#
기사보기,http://newsstand.naver.com/?list=ct7&pcode=905
,http://newsstand.naver.com/?list=ct3&pcode=945
구독,#
해지,#
기사보기,http://newsstand.naver.com/?list=ct3&pcode=945
종합/경제,#
방송/통신,#
IT,#
영자지,#
스포츠/연예,#
매거진/전문지,#
지역,#
언론사 추가,http://newsstand.naver.com/config.html
NAVER Sign in,https://nid.naver.com/nidlogin.login?mode=form&url=https%3A%2F%2Fwww.naver.com
Sign up,https://nid.naver.com/nidregister.form?url=https%3A%2F%2Fwww.naver.com
Username,https://nid.naver.com/user/help.nhn?todo=idinquiry
Password?,https://nid.naver.com/nidreminder.form
02.22.(금),https://calendar.naver.com
서울시 종암동,#
앞의 목록으로 이동,#
뒤의 목록으로 이동,#
"날씨 구름많음

6°C
-2°/
9°


내일 오전

날씨 구름많음
0°



내일 오후

날씨 맑음
14°",http://weather.naver.com/rgn/townWetr.nhn?naverRgnCd=09290135
날씨,http://weather.naver.com/
실시간 기상 정보 확인하기,https://search.naver.com/search.naver?where=nexearch&query=%EC%A0%84%EA%B5%AD%EB%82%A0%EC%94%A8&sm=top_clk.weather
주간예보,https://search.naver.com/search.naver?where=nexearch&sm=top_hty&fbm=1&ie=utf8&query=%EC%A3%BC%EA%B0%84+%EC%98%88%EB%B3%B4
리빙,#LIVINGHOME
푸드,#LIVING
스포츠,#SPORTS
자동차,#CARGAME
패션뷰티,#BEAUTY
부모i,#MOMKIDS
건강,#HEALTH
웹툰,#BBOOM
게임,#GAMEAPP
TV연예,#VIDEO
뮤직,#MUSIC
영화,#MOVIE
책문화,#CULTURE
함께N,#WITH
여행+,#TRAVEL
디자인,#DESIGN
경제M,#FINANCE
JOB&,#JOB
과학,#SCIENCE
중국,#CHINA
비즈니스,#BUSINESS
FARM,#FARM
스쿨잼,#SCHOOL
공연전시,#SHOW
